id,name,rating,review_count,amazon_url
23,Strength Ball Grip and Fidgets,4.4,700,https://www.amazon.com/dp/B0C9XXJJSZ
24,Stress Ball,4.6,8307,https://www.amazon.com/dp/B01N1Q7X78
25,Squishy Stimulation Banana,3.9,235,https://www.amazon.com/dp/B0DYLVMK72
26,Under Armour Boys HeatGear Compression Sleeve,4.4,94,https://www.amazon.com/dp/B07QLNLNYK
27,Under Armour Girls HeatGear Compression Sleeve,4.4,60,https://www.amazon.com/dp/B08LMBKTD8
28,Grabber Reacher Tool,4.5,2444,https://www.amazon.com/dp/B0FRDLYV9S
29,Hand Bike for Strengthening Muscles,4.5,582,https://www.amazon.com/dp/B0H6RW1J68
30,Adaptive Eating Utensils (Set of 4),4.5,1652,https://www.amazon.com/dp/B0C5CYGZDY
32,Sock Aid,4.5,42335,https://www.amazon.com/dp/B00U9TWCXU
33,Dressing Stick,4.4,1063,https://www.amazon.com/dp/B0CCJZQ3WC
34,CanDo Premium Foam Roller (Round),4.5,123,https://www.amazon.com/dp/B001VAKCBA
38,Thermal hand gloves,4.3,45056,https://www.amazon.com/dp/B07WRB9N3J
39,Shoulder Ice Pack Wrap,4.4,1750,https://www.amazon.com/dp/B0CMJMB9J2
40,Leg Knee Ice Pack Wrap,4.2,769,https://www.amazon.com/dp/B0CL23QJMN
41,(Knee-Black-2 Pack) Extended Leg/Knee Ice Pack Wrap for Injuries Compression Gel Freeze Knees Brace for Swelling Compress Therapy for Arthritis,4.4,4409,https://www.amazon.com/dp/B0CPJ3NJFJ
42,"Knee Brace for Meniscus Tear 2 Pack,",4.4,26,https://www.amazon.com/dp/B0DTLH77BD
43,Knee/Elbow/Ankle/Calf - Flexible Cold Ice Pack Wrap Compression Sleeve,4.5,5325,https://www.amazon.com/dp/B0D94TCDFN
44,Ice Cold Pack Reusable Ice Bags Hot Water Bag,4.6,15922,https://www.amazon.com/dp/B09NR248K1
45,Foam Toothpaste For Sensitive Kids,4.0,1,https://www.amazon.com/dp/B0GQNMLL16
46,U-Shaped Toothbrush for Form Toothpaste Ages Kids 2+,4.1,2112,https://www.amazon.com/dp/B09QJ34BKT
47,Sensory Swing for Kids with Special Needs,4.6,153,https://www.amazon.com/dp/B09PHDD27M
48,"Kids Pod Swing Seat, Hanging Hammock",4.4,3696,https://www.amazon.com/dp/B08PBKD5FX
49,Peanut Shaped Bounce Sensory Ball,4.6,63,https://www.amazon.com/dp/B0H37V75JZ
50,Bouncy Bands for Student Desks,4.5,1171,https://www.amazon.com/dp/B01DKU4020
51,Sensory Cushion for Kids,4.5,376,https://www.amazon.com/dp/B07RG7S69B
53,Anti-Burst Sensory Ball,4.4,2925,https://www.amazon.com/dp/B0D16Y8CZ5
54,Anti-Burst Fitness Equipment for Sensory Needs,4.4,2006,https://www.amazon.com/dp/B095CSJXF2
55,"Donut Ball Exercise Ball for Sensory, Balance,& Stability Training",4.4,34,https://www.amazon.com/dp/B09TTRJX6P
56,Self-Regulation Creativity for Kids Sensory Bin: Ice Cream Kinetic Play Sand,4.6,429,https://www.amazon.com/dp/B0C85VHRLG
57,Mini Magnetic Tiles,4.7,211,https://www.amazon.com/dp/B0FH4XJZ2F
58,Magnet Building Tiles Clear Magnetic 3D Blocks,4.8,308,https://www.amazon.com/dp/B01KGR2C7A
59,Mini Magnetic Tiles Dinosaur Travel Set,4.4,145,https://www.amazon.com/dp/B0GBSW515K
60,Hedgehog Interlocking Building Blocks,4.7,8020,https://www.amazon.com/dp/B01NAD9HD9
61,Ergonomic Wireless Keyboard and Mouse Combo with Wrist Rest,4.0,20,https://www.amazon.com/dp/B0GWXXT3MG
62,Ergonomic Wireless Keyboard and Mouse Combo Curved Split Keys,4.0,20,https://www.amazon.com/dp/B0GWXXT3MG
63,Memory Care Activities,4.0,1,https://www.amazon.com/dp/B0H87FS5D7
64,Cognitive Maze Board,3.0,2,https://www.amazon.com/dp/B0GX6X4V81
65,Fidget Busy Board for Adults with Dementia,5.0,2,https://www.amazon.com/dp/B0H4LMHPJY
66,Sensory Blanket for Autistic Autism/Adults with Dementia,4.4,573,https://www.amazon.com/dp/B0BR3Q5BXM
67,1500 Pieces Lightweight Rotating Plastic Puzzle,4.8,3202,https://www.amazon.com/dp/B0C7QFLV8L
68,1500 Pieces Rotating Plastic Puzzle Board with Drawers,4.8,3202,https://www.amazon.com/dp/B0C7QFLV8L
69,Large 70 Piece Dinosaur Floor Puzzles for Kids Ages 4-6,4.8,21,https://www.amazon.com/dp/B0FS1FPMVB
70,United States Puzzles for Kids,4.6,198,https://www.amazon.com/dp/B0F4QSHNW8
71,World Map & United States Puzzle,4.5,3494,https://www.amazon.com/dp/B08Y1HQ9K5
72,Princess & Unicorns Puzzles for Kids Ages 4 & up Year Old,4.6,321,https://www.amazon.com/dp/B0D11MMZ7R
73,Underwater World Puzzles for Kids Ages 4-8 Year Old,4.7,3369,https://www.amazon.com/dp/B0B6VR7WXN
74,"River Oasis ""Calming"" Lamp",4.2,840,https://www.amazon.com/dp/B0CNDHXTXV
76,White Noise Bluetooth Galaxy Light,4.3,2289,https://www.amazon.com/dp/B0FQJNY4RD
78,Northern Lights Projector Mood Lighting,4.0,219,https://www.amazon.com/dp/B0GBRG83PT
81,"Sensory Toy for ADD, OCD, Autistic Children, Adults, Anxiety Autism to Stress Relief and Anti Anxiety",5.0,1,https://www.amazon.com/dp/B0HB9VS6HZ
82,Straw Constructor Toys Stem Building Toys,4.7,5568,https://www.amazon.com/dp/B01DLKCCBU
83,Snowflake Interlocking Building Block,4.5,453,https://www.amazon.com/dp/B09NPWCKF6
84,Magnetic Blocks Magnetic Building Blocks Sensory Toys for Kids,4.7,1231,https://www.amazon.com/dp/B0DSBQ58W7
85,Magnetic Building Sticks Blocks Toys,4.7,1754,https://www.amazon.com/dp/B08R77NL48
86,Building Toy Building Blocks Bars,4.4,59,https://www.amazon.com/dp/B0C5CDJ6K2
87,Design and Drill Toy,4.6,3959,https://www.amazon.com/dp/B07Q2XKDWH
88,Create A Dinosaur World Road Race,4.5,4267,https://www.amazon.com/dp/B08PB394JT
89,Construction Race Tracks,4.5,310,https://www.amazon.com/dp/B0FF9KDFYQ
90,Dinosaur Toys Magnetic Tiles,4.7,1148,https://www.amazon.com/dp/B0D3D61QS9
91,Magnetic Tiles,4.6,2074,https://www.amazon.com/dp/B0D8JGLTYT
92,Big Fat Pens Aids Writing,4.2,1076,https://www.amazon.com/dp/B0CLZNTJM7
93,Foam Grip Tubing,4.2,99,https://www.amazon.com/dp/B0F5GQLXPW
94,Universal Holder Strap,4.2,25,https://www.amazon.com/dp/B0F5LS8PTS
95,Universal Holder Strap for utensils,3.8,180,https://www.amazon.com/dp/B0B7HC7MQD
96,Button Hook and Zipper Pull One Hand Buttons aids,4.6,5852,https://www.amazon.com/dp/B07B6RSVH7
98,Auto Electric Can Opener,3.8,115,https://www.amazon.com/dp/B0F8NSP35B
99,Jar Opener for Weak Hands,4.6,28655,https://www.amazon.com/dp/B000X6K9J8
100,Jar Opener Bottle and Can Opener for Weak hands,4.1,52,https://www.amazon.com/dp/B0FLZL8NL8
101,Key Turner Aid,4.2,2328,https://www.amazon.com/dp/B08NDN5R1P
102,Web Space Opener Pencil Grip,4.0,89,https://www.amazon.com/dp/B0BXNKBFL1
103,Squishy Pencil Soft Grip,4.3,225,https://www.amazon.com/dp/B09Z2WBH2L
104,Pencil Grips for Handwriting,4.5,5567,https://www.amazon.com/dp/B07PDPQKFT
105,2-Packs Grabber Reacher Tool,4.5,499,https://www.amazon.com/dp/B09T8K62FC
106,2-Pack Featherweight Reachers,4.6,24315,https://www.amazon.com/dp/B00UZHYXHO
107,3 fingers Ergonomic Pencil Grips,4.5,313,https://www.amazon.com/dp/B0CZS4Z7FM
108,6-Pack Pencil Weights,4.6,11,https://www.amazon.com/dp/B0FS7NT8C4
109,Handwriting Grasping Pencil or Pen Holders,4.4,500,https://www.amazon.com/dp/B0CYZGFLZ2
110,6 Pcs Pencil Weights,4.4,118,https://www.amazon.com/dp/B0FPC8CBR8
111,Sensory Fidget Toys for Kids,4.9,18,https://www.amazon.com/dp/B0FMF85T3J
112,Sensory Fidget Toys for Kids/Teens/Adults,4.9,18,https://www.amazon.com/dp/B0FMF85T3J
113,Chew Necklace for Sensory Kids,4.7,870,https://www.amazon.com/dp/B0CFKS9GL1
114,Chew Necklaces Sensory for Girls,4.6,1717,https://www.amazon.com/dp/B099WJRF85
115,Chew Sensory Necklaces for Boys,4.6,1892,https://www.amazon.com/dp/B0CG1CD1CC
116,Teething Sticks for Babies/Infants/Toddlers,4.7,870,https://www.amazon.com/dp/B0CFKS9GL1
117,Sensory Chew Toys for Autistic Children,4.6,1861,https://www.amazon.com/dp/B0D2GXMTJ2
118,5 Pounds Weighted Blanket Kids,4.7,494,https://www.amazon.com/dp/B0FP4MGCDH
119,Kids Weighted 5lbs Blanket,4.7,2129,https://www.amazon.com/dp/B09W58SLLN
120,Microwavable Weighted Stuffed Bunny,4.5,1233,https://www.amazon.com/dp/B0F5WNKNB9
121,Microwavable Weighted Stuffed Unisex,4.5,1233,https://www.amazon.com/dp/B0F5WNKNB9
122,Microwavable Weighted Stuffed Bunny,4.5,1233,https://www.amazon.com/dp/B0F5WNKNB9
124,Wearable Hooded Blanket,4.7,2969,https://www.amazon.com/dp/B09Z97T8TP
125,Sensory Max Liquidator Water Blaster Set,4.0,31,https://www.amazon.com/dp/B00647GWP0
126,Construction Toys with Electric Drill,4.6,272,https://www.amazon.com/dp/B0FKT2MJ2W
127,Moveable Dinosaur Shooting Toys,4.1,454,https://www.amazon.com/dp/B0D97QWJ14
128,Inflatable Dinosaur Bounce Hopper Ball,4.7,516,https://www.amazon.com/dp/B08ZMVHFTC
129,Glow-in-The-Dark Light Up Hopper Ball,4.7,516,https://www.amazon.com/dp/B08ZMVHFTC
130,Inflatable Unicorn Bounce Hopper Ball,4.7,1126,https://www.amazon.com/dp/B0BD469R8Y
131,Unicorn Sit and Spinning Seat,4.4,176,https://www.amazon.com/dp/B0DGX5QV9V
132,Fun Shooting Game Toy,4.3,1551,https://www.amazon.com/dp/B09R1XFNZ6
133,Moveable Dinosaur Shooting Game Toy,3.9,175,https://www.amazon.com/dp/B0FFYMYB9K
134,Dinosaur Inflatable Punching Bag,4.2,403,https://www.amazon.com/dp/B0F8HLRYBL
135,Kids Punching Bag,4.6,30,https://www.amazon.com/dp/B0GWM4ZXYP
136,53PCS Outdoor/Indoor Sensory/Movement Games,4.3,55,https://www.amazon.com/dp/B0F9983Z7L
137,Bubble Making Gun,4.4,628,https://www.amazon.com/dp/B0DS5X1FLH
138,Flex-Space Fold-able Floor Seat,4.3,589,https://www.amazon.com/dp/B07KF5ZYPY
139,Leaf Floor Seat Rocker Chair,4.7,197,https://www.amazon.com/dp/B0BVYCHBP5
140,Sensory Rocking Chair,4.4,221,https://www.amazon.com/dp/B0DHYDYPS4
143,Indoor Twin Bed Sensory Calming Tent Canopy,4.3,185,https://www.amazon.com/dp/B0GY48VY17
144,Sensory Star Night Light,4.4,6036,https://www.amazon.com/dp/B08SQ88X9F
145,Sensory Squishy Toys,4.6,4945,https://www.amazon.com/dp/B0DG2VRFV7
146,Sensory Fidget Toys,4.1,28,https://www.amazon.com/dp/B0DLKZJMQR
147,Sensory Fidget Toys,4.8,678,https://www.amazon.com/dp/B0B8YY1GT8
148,Sensory Swivel Chairs,4.8,1567,https://www.amazon.com/dp/B0CSFDX9HM
149,Heating Pad for Neck Shoulders and Back Pain,4.2,119,https://www.amazon.com/dp/B0FWQXQFDS
150,Microwavable Unscented Heating Mint Color Pad,4.6,4199,https://www.amazon.com/dp/B0BNK9R276
151,Plush Weighted Stuffed Animals,4.5,1233,https://www.amazon.com/dp/B0F5WNKNB9
152,Vibrating Sensory Pillow,4.6,124,https://www.amazon.com/dp/B0DHSSW631
153,Non-Slip Balance Beam Stepping Stones,4.1,40,https://www.amazon.com/dp/B0FJY6ZZG3
154,Hopscotch Ring Game,4.2,6,https://www.amazon.com/dp/B0CJR6RCRD
155,Turtle Balance Stepping Stone,4.4,42,https://www.amazon.com/dp/B0F9YFM5DX
156,Hopscotch Rings Game 10-11 inch Plastic Rings,3.7,1095,https://www.amazon.com/dp/B07CY4BVRL
157,Bean Bags Toss Games,4.4,492,https://www.amazon.com/dp/B0C6K1NMNV
158,Brain Stem Activity Logic Kits,4.5,268,https://www.amazon.com/dp/B0D1278DLC
159,Building Blocks STEM Toys,4.3,97,https://www.amazon.com/dp/B0DBQFN9N6
160,Light Up Stepping Stones,4.6,286,https://www.amazon.com/dp/B0DS23N7LG
161,Building Tools,4.2,54,https://www.amazon.com/dp/B0F4F64MKQ
162,DIY Assembly Take Apart Firetruck with Electric Drill Stem Building Toys,4.4,1414,https://www.amazon.com/dp/B08Y6VNP65
163,Magnetic Wooden Fishing Game,4.6,1006,https://www.amazon.com/dp/B08PQRBRZM
164,Construction Toys with Electric Drill DIY Assembly  4PCS Take Apart Toys,4.4,1414,https://www.amazon.com/dp/B08Y6VNP65
165,Electric Wiggle Car with Pedal Light-Up,4.5,199,https://www.amazon.com/dp/B0FFMR7ZJ7
166,Light-Up Electric Wiggle Car with Pedal,4.5,199,https://www.amazon.com/dp/B0FFMR7ZJ7
167,Purple Butterfly Shaped Wiggle Seats by Bouncyband,4.5,376,https://www.amazon.com/dp/B07RG69ZGN
168,Portable Wiggle Seat Sensory Cushion,4.2,29,https://www.amazon.com/dp/B0GJSGHF1C
169,Adjustable Height Wiggle Wobble Chair Feet,4.4,363,https://www.amazon.com/dp/B07RG7GR71
170,Sensory Chair for Kids,4.6,255,https://www.amazon.com/dp/B0DS9GKL7L
172,Sensory Sock Body Sock,4.6,2650,https://www.amazon.com/dp/B07F2Y71MS
173,Crash Pads for Kids Sensory Room,4.6,389,https://www.amazon.com/dp/B00EPHHOEY
174,SensoryBuzz Oral Motor Vibration Kit,4.4,59,https://www.amazon.com/dp/B0GCNLF97G
175,Sensory Soft Squeeze Seat,4.6,255,https://www.amazon.com/dp/B0DS9GKL7L
176,Sensory Cozy Chair for Kids,3.7,153,https://www.amazon.com/dp/B0GDXKPHT9
177,Sensory Pads for Kids with Sensory Issues,4.4,94,https://www.amazon.com/dp/B00GQDAT6K
178,"Therapy Putty for Hand Strength & Motor Skills,",4.4,312,https://www.amazon.com/dp/B0DMTXMXG3
179,Therapy Putty for Hand Strength & Motor Skills Work School Clinic Home,4.8,742,https://www.amazon.com/dp/B09F12GQHQ
181,"10Pc Putty Slime kit for Kids, Fidget Sensory Artistic Therapy Putty for Stress Relief",4.3,292,https://www.amazon.com/dp/B0F38B8992
182,Glow in Dark Slime Making Kit,4.7,3283,https://www.amazon.com/dp/B08LDGHNXR
183,Hopscotch Set with Toss Bean Bags,4.0,71,https://www.amazon.com/dp/B0G1SHWY9H
184,Slime Apron for Girls,4.8,659,https://www.amazon.com/dp/B0BLVMS2FH
185,Sensory Maze Fidget for Anxiety & Stress Relief,4.5,382,https://www.amazon.com/dp/B0F4X5JWXX
186,31Pcs Sensory Kit Fidget Toy Set for Kids,5.0,1,https://www.amazon.com/dp/B0HB9VS6HZ
187,3 Balls Elastic Sensory Balls,3.8,3637,https://www.amazon.com/dp/B01LYCXQNI
188,Toys Unicorn Squisheez Squishy Stress Relief Balls,4.4,50,https://www.amazon.com/dp/B09PVJYP8R
189,Bouncyband Original Bouncy Bands for Chairs,4.5,1171,https://www.amazon.com/dp/B01DKU4020
190,Confetti Slime Kit Sparkling Slime Making Kit,4.6,407,https://www.amazon.com/dp/B0D7Q238NM
191,Wooden Magnetic Fishing Game,4.5,5483,https://www.amazon.com/dp/B08JLSR6RN
192,Let's Go Fishin,4.4,10519,https://www.amazon.com/dp/B00004YO0Y
193,Montessori Toddler Fishing Game,4.6,330,https://www.amazon.com/dp/B0FCS837BM
194,Double Sided Magnetic Letter Board,4.6,1932,https://www.amazon.com/dp/B07WBW6V95
195,Magic Practice Copybook,4.5,4989,https://www.amazon.com/dp/B09GV3F2H8
196,Magic Grooved Writing Practice,4.3,78,https://www.amazon.com/dp/B0G1T3HRWH
197,LCD Writing Tablet,4.5,35378,https://www.amazon.com/dp/B09G6ZPGLN
198,16-Inch Rechargeable Doodle Glow LED Note Board,4.5,452,https://www.amazon.com/dp/B0F9FG4XNY
199,Led Drawing Board for Kids,4.6,48,https://www.amazon.com/dp/B0H4G7MG1L
200,LCD Writing Tablet for Kids,4.2,56,https://www.amazon.com/dp/B0DS64V8R5
201,Rechargeable Doodle Glow LED Note Board,4.8,10,https://www.amazon.com/dp/B0GG9TWGBV
202,LED Drawing Board for Kids with 9 Light Effects,4.5,452,https://www.amazon.com/dp/B0F9FF5HXC
203,Magnetic LCD Writing Tablet,3.9,103,https://www.amazon.com/dp/B0FQMT9D46
204,FUN Large Magnetic Drawing Board for Kids,4.5,383,https://www.amazon.com/dp/B08BKNF8DS
206,35 Pcs Sensory Tools/Fidget Toy Set,5.0,1,https://www.amazon.com/dp/B0HB9VS6HZ
207,THERABAND FlexBar,4.7,9185,https://www.amazon.com/dp/B00067E4YU
208,2 Pack THERABAND FlexBar,4.8,1279,https://www.amazon.com/dp/B09TVBHQK4
209,THERABAND Resistance Bands Set,4.4,168,https://www.amazon.com/dp/B000UJOC64
210,Set of 5 Toe Stretcher Bands for Bunions Correction,5.0,2,https://www.amazon.com/dp/B0GS8L5J6F
211,"Ankle Brace for Swollen Ankle, Sprained Ankle, Plantar Fasciitis Sports, Achilles Tendonitis Pain Relief",4.5,4550,https://www.amazon.com/dp/B0D4LT4Z87
212,Compression Socks,4.3,27217,https://www.amazon.com/dp/B072HVJGTG
213,Fingerless Hand Compression Wrap for Osteoarthritis - Arthritic and Joint Pain,4.3,2723,https://www.amazon.com/dp/B07Z7C5BWH
214,Compression Gloves,4.2,66879,https://www.amazon.com/dp/B00ZO4WW7Q
215,Compression Knee Brace,4.4,81389,https://www.amazon.com/dp/B079GYWCWQ
216,Knee Braces for Knee Supports,4.0,1906,https://www.amazon.com/dp/B07C2CFKXN
217,THERABAND CLX Resistance Band with Loops,4.5,1904,https://www.amazon.com/dp/B00WIRQE4E
218,THERABAND High Resistance Bands,4.5,610,https://www.amazon.com/dp/B087GFP7YW
219,5 in 1 Foam Roller Set for Deep Tissue Muscle Massage,4.5,790,https://www.amazon.com/dp/B0D6VN5W99
220,9-Roller Muscle Recovery Massage Stick,4.5,9485,https://www.amazon.com/dp/B08C9TDKRY
221,321 Strong Foam Roller,4.4,16027,https://www.amazon.com/dp/B07HCTJ5KR
222,High Density Foam Roller Massager,4.4,16027,https://www.amazon.com/dp/B07HCTJ5KR
224,Fluorescent Light Covers,4.6,58,https://www.amazon.com/dp/B0F1MPHHYY
225,5-Piece PU Leather Climbing Toys and a Ball Pit,4.4,322,https://www.amazon.com/dp/B0DSPJR5VH
226,Kids Play Tent Galaxy Imaginative Play Popup Tents,4.6,2238,https://www.amazon.com/dp/B09KHGRTF8
227,Princess Castle Play Tent for Girls,4.7,34453,https://www.amazon.com/dp/B0C4P25L13
228,Magnetic Drawing Board,4.6,2470,https://www.amazon.com/dp/B0BZ4CM3PB
229,Teepee Tent for Calming Relaxing Play Zone,4.6,451,https://www.amazon.com/dp/B0DBHCDH4S
230,Teepee Tent for Calming Relaxing Play Zone,4.6,451,https://www.amazon.com/dp/B0DBHCDH4S
231,Multiple Colored Balls for Ball Pit,4.1,292,https://www.amazon.com/dp/B0D5GQ3CRH
232,Multiple Colored Balls for Little Kid's Ball Pit,4.1,292,https://www.amazon.com/dp/B0D5GQ3CRH
233,Blue Ball Pit for Toddlers & Younger Kids,4.6,1748,https://www.amazon.com/dp/B07M7LXNW4
234,Pink Ball Pit for Toddlers & Younger Kids,4.7,1224,https://www.amazon.com/dp/B0DGL2RSPN
235,Star Ball Pit Balls,4.6,1338,https://www.amazon.com/dp/B08SR3SSP7
236,Multiple Color Star Ball Pit Balls for Fun Play,4.6,1338,https://www.amazon.com/dp/B08SR3SSP7
237,Star Heart Moon Ball Pit Balls Shaped Play Balls for Ball Pit,4.4,151,https://www.amazon.com/dp/B0DNMVYFPN
238,Mini Trampoline for Kids 3-6,4.5,3216,https://www.amazon.com/dp/B0GWFXJPMN
239,Mini Trampoline for Kids 3-6 with Super Safe Foam Handle Bar,4.6,258,https://www.amazon.com/dp/B0H3L954BW
240,42'' Foldable Mini Older Kids & Adult Trampoline,4.1,55,https://www.amazon.com/dp/B0GR9VBWH6
241,Floor Chair Adjustable Back Support Foldable Chair,4.4,6,https://www.amazon.com/dp/B0GTNFYD9F
243,Adjustable Memory Foam Floor Chair,4.6,55,https://www.amazon.com/dp/B0H3NC4DNN
